"We acknowledge the authors, originating and submitting laboratories of the sequences from GISAIDÕs EpiFluª Database on which this research is based."						
Accession_number	Virus_name	Subtype	Segment	Data_base	Submitting_lab	Authors
KT327371	A_goose_Taiwan_01042_2015	H5N3	1	NCBI		
EPI588965	A_chicken_Taiwan_a174_2015	H5N3	1	GISAID	Animal Health Research Institute	"Yu-Ju,Lin; Li-Hsuan,Chen; Wan-Chen,Li; Yu-Pin,Liu; Ming-Shiuh,Lee; Ming-Chu,Cheng; Hsiang-Jung,Tsai"
KC535016	A_Japanese_white_eye_Taoyuan_Q454_2012	H5N1	1	NCBI		
AB507255	A_chicken_Taiwan_1209_2003	H5N2	1	NCBI		
KF193393	A_chicken_Taiwan_0101_2012	H5N2	1	NCBI		
AB507261	A_chicken_Taiwan_A703_1_2008	H5N2	1	NCBI		
KJ162585	A_chicken_Taiwan_683_2012	H5N2	1	NCBI		
KF193401	A_chicken_Taiwan_A1997_2012	H5N2	1	NCBI		
KR137683	A_chicken_TY_a665_2015	H5N2	1	NCBI		
KR137675	A_chicken_CH_a556_2015	H5N2	1	NCBI		
EPI961919	A_chicken_Taiwan_u7_2016	H5N2	1	GISAID	Animal Health Research Institute	"Yu-Ju,Lin; Li-Hsuan,Chen; Wan-Chen,Li; Yen-Ping,Chen; Yu-Pin,Liu; Fan,Lee; Wen-Jane,Tu"
KU646890	A_goose_Taiwan_01040_2015	H5N2	1	NCBI		
EPI588973	A_duck_Taiwan_a068_2015	H5N8	1	GISAID	Animal Health Research Institute	"Yu-Ju,Lin; Li-Hsuan,Chen; Wan-Chen,Li; Yu-Pin,Liu; Ming-Shiuh,Lee; Ming-Chu,Cheng; Hsiang-Jung,Tsai"
EPI961928	A_chicken_Taiwan_x37_2016	H5N8	1	GISAID	Animal Health Research Institute	"Yu-Ju,Lin; Li-Hsuan,Chen; Wan-Chen,Li; Yen-Ping,Chen; Yu-Pin,Liu; Fan,Lee; Wen-Jane,Tu"
KJ162801	A_duck_Taiwan_11254_2013	H5N2	1	NCBI		
EPI915867	A_duck_Taiwan_1702004_2017	H5N6	1	GISAID	Animal Health Research Institute	"Yu-Ju,Lin; Li-Hsuan,Chen; Wan-Chen,Li; Yen-Ping,Chen; Yu-Pin,Liu; Fan,Lee; Wen-Jane,Tu"
KJ162713	A_duck_Taiwan_755_2013	H5N2	1	NCBI		
KC785066	A_duck_Taiwan_DV1236_2009	H5N2	1	NCBI		
KP792305	A_duck_Taiwan_DV518_2006	H5N2	1	NCBI		
KT327385	A_goose_Taiwan_01003_2015	H5N8	1	NCBI		
KT388465	A_goose_Taiwan_TNC4_2015	H5N8	1	NCBI		
KU646930	A_goose_Taiwan_01026_2015	H5N8	1	NCBI		
KT388449	A_goose_Taiwan_TNC2_2015	H5N8	1	NCBI		
KU646938	A_goose_Taiwan_01039_2015	H5N8	1	NCBI		
EPI1119037	A_spoonbill_Taiwan_DB645_2017	H5N6	1	GISAID	Animal Health Research Institute	"Yu-Ju,Lin; Li-Hsuan,Chen; Wan-Chen,Li; Yen-Ping,Chen; Yu-Pin,Liu; Fan,Lee; Wen-Jane,Tu"
EPI866831	A_duck_Aichi_231002_2016	H6N5	1	GISAID	National Institute of Animal Health	
MK592418	A_Whooper_swans_Hokkaido_W14_2017	H5N2	1	NCBI		
MN208016	A_teal_Egypt_MB_D_487OP_2016	H7N3	1	NCBI		
MF693922	A_mallard_duck_Netherlands_35_2015	H4N6	1	NCBI		
MN171423	A_duck_Chongqing_S4362_2017	H5N3	1	NCBI		
MK978901	A_duck_Hokkaido_X9_2016	H8N4	1	NCBI		
EPI855652	A_duck_Kagoshima_461213_2013	H4N6	1	GISAID	National Institute of Animal Health	
EPI866807	A_duck_Fukui_181015_2016	H6N2	1	GISAID	National Institute of Animal Health	
EPI867653	A_duck_Gunma_4_2016	H3N8	1	GISAID	National Institute of Animal Health	
MN378542	A_mallard_duck_South_Korea_KNU2018_58_2018	H5N3	1	NCBI		
MH579386	A_mallard_Korea_F94_16_2017	H4N6	1	NCBI		
MH579402	A_mallard_Korea_CL45_2017	H4N6	1	NCBI		
EPI1139887	A_Chicken_Jiangsu_1_2018	H7N4	1	GISAID	Jiangsu Provincial Center for Disease Control & Prevention	
MG198953	A_duck_Fujian_SD013_2017	H6N6	1	NCBI		
LC339728	A_duck_Hokkaido_10_2015	H3N6	1	NCBI		
MK592578	A_swan_Hokkaido_481102_2017	H4N6	1	NCBI		
EPI855748	A_duck_Miyazaki_451105_2015	H4N6	1	GISAID	National Institute of Animal Health	
KJ200828	A_duck_Guangdong_S4251_2010	H6N6	1	NCBI		
EPI1333694	A_mallard_Khabarovsk_241_2017	H10N6	1	GISAID	State Research Center of Virology and Biotechnology (VECTOR)	"Natalia,Goncharova; Ivan,Susloparov; Natalia,Kolosova; Juliya,Bulanovich; Vasiliy,Marchenko; Alexander,Ryzhikov"
MH592159	A_chicken_China_X2224_2015	H6N6	1	NCBI		
EPI1226720	A_mallard_Korea_H956_1_2017	H7N7	1	GISAID	Animal and Plant Quarantine Agency (APQA)	
KJ162825	A_chicken_Taiwan_2267_2012	H6N1	1	NCBI		
KC785037	A_chicken_Taiwan_CF19_2009	H6N1	1	NCBI		
DQ376896	A_chicken_Taiwan_0706_03	H6N1	1	NCBI		
KF357824	A_duck_Zhejiang_D486_2013	H9N2	1	NCBI		
KY635469	A_duck_Bangladesh_24694_2015	H7N1	1	NCBI		
MN171439	A_duck_Jiangsu_S1665_2015	H5N3	1	NCBI		
CY146569	A_duck_Hunan_S11313_2012	H4N2	1	NCBI		
EPI866783	A_duck_Toyama_161010_2016	H6N2	1	GISAID	National Institute of Animal Health	
KJ907716	A_common_teal_Nanji_NJ_280_2013	H6N1	1	NCBI		
EPI866917	A_duck_Aichi_230307_2015	H2N9	1	GISAID	National Institute of Animal Health	
LC042048	A_duck_Hokkaido_W240_2014	H5N3	1	NCBI		
EPI855808	A_duck_Shimane_321004_2014	H5N2	1	GISAID	National Institute of Animal Health	
KM267857	A_duck_Bangladesh_14VIR1121_18_2013	H5N1	1	NCBI		
EPI855931	A_duck_Shimane_32_20_2014	H7N7	1	GISAID	National Institute of Animal Health	
KJ028471	A_duck_Laos_3295_2006	H5N1	1	NCBI		
EPI573635	A_crane_Kagoshima_KU13_2014	H5N8	1	GISAID	Kagoshima University	
EPI860645	A_gyrfalcon_Washington_41088_6_2014	H5N8	1	GISAID	National Institute of Animal Health	"Uchida,U."
KF042281	A_hill_myna_Heilongjiang_0704_2012	H5N1	1	NCBI		
DQ095752	A_Bar_headed_Goose_Qinghai_59_05	H5N1	1	NCBI		
EPI1123332	A_mallard_Korea_Jeju_H24_2017	H5N6	1	GISAID	Animal and Plant Quarantine Agency (S-2145)	
EPI1064656	A_crane_Kagoshima_KU_52_2016	H5N6	1	GISAID	Kagoshima University	
DQ376904	A_chicken_Taiwan_0204_05	H6N1	1	NCBI		
JX570867	A_green_winged_teal_Xianghai_430_2011	H5N2	1	NCBI		
KT327372	A_goose_Taiwan_01042_2015	H5N3	2	NCBI		
EPI588966	A_chicken_Taiwan_a174_2015	H5N3	2	GISAID	Animal Health Research Institute	"Yu-Ju,Lin; Li-Hsuan,Chen; Wan-Chen,Li; Yu-Pin,Liu; Ming-Shiuh,Lee; Ming-Chu,Cheng; Hsiang-Jung,Tsai"
KC535015	A_Japanese_white_eye_Taoyuan_Q454_2012	H5N1	2	NCBI		
AB507256	A_chicken_Taiwan_1209_2003	H5N2	2	NCBI		
KF193392	A_chicken_Taiwan_0101_2012	H5N2	2	NCBI		
AB507262	A_chicken_Taiwan_A703_1_2008	H5N2	2	NCBI		
KJ162586	A_chicken_Taiwan_683_2012	H5N2	2	NCBI		
KF193400	A_chicken_Taiwan_A1997_2012	H5N2	2	NCBI		
KR137684	A_chicken_TY_a665_2015	H5N2	2	NCBI		
KR137676	A_chicken_CH_a556_2015	H5N2	2	NCBI		
EPI961920	A_chicken_Taiwan_u7_2016	H5N2	2	GISAID	Animal Health Research Institute	"Yu-Ju,Lin; Li-Hsuan,Chen; Wan-Chen,Li; Yen-Ping,Chen; Yu-Pin,Liu; Fan,Lee; Wen-Jane,Tu"
KU646891	A_goose_Taiwan_01040_2015	H5N2	2	NCBI		
EPI588974	A_duck_Taiwan_a068_2015	H5N8	2	GISAID	Animal Health Research Institute	"Yu-Ju,Lin; Li-Hsuan,Chen; Wan-Chen,Li; Yu-Pin,Liu; Ming-Shiuh,Lee; Ming-Chu,Cheng; Hsiang-Jung,Tsai"
EPI961930	A_chicken_Taiwan_x37_2016	H5N8	2	GISAID	Animal Health Research Institute	"Yu-Ju,Lin; Li-Hsuan,Chen; Wan-Chen,Li; Yen-Ping,Chen; Yu-Pin,Liu; Fan,Lee; Wen-Jane,Tu"
KJ162802	A_duck_Taiwan_11254_2013	H5N2	2	NCBI		
EPI915868	A_duck_Taiwan_1702004_2017	H5N6	2	GISAID	Animal Health Research Institute	"Yu-Ju,Lin; Li-Hsuan,Chen; Wan-Chen,Li; Yen-Ping,Chen; Yu-Pin,Liu; Fan,Lee; Wen-Jane,Tu"
KJ162714	A_duck_Taiwan_755_2013	H5N2	2	NCBI		
KC785065	A_duck_Taiwan_DV1236_2009	H5N2	2	NCBI		
KP792306	A_duck_Taiwan_DV518_2006	H5N2	2	NCBI		
KT327386	A_goose_Taiwan_01003_2015	H5N8	2	NCBI		
KT388466	A_goose_Taiwan_TNC4_2015	H5N8	2	NCBI		
KU646931	A_goose_Taiwan_01026_2015	H5N8	2	NCBI		
KT388450	A_goose_Taiwan_TNC2_2015	H5N8	2	NCBI		
KU646939	A_goose_Taiwan_01039_2015	H5N8	2	NCBI		
EPI1119048	A_spoonbill_Taiwan_DB645_2017	H5N6	2	GISAID	Animal Health Research Institute	"Yu-Ju,Lin; Li-Hsuan,Chen; Wan-Chen,Li; Yen-Ping,Chen; Yu-Pin,Liu; Fan,Lee; Wen-Jane,Tu"
EPI866832	A_duck_Aichi_231002_2016	H6N5	2	GISAID	National Institute of Animal Health	
MK592419	A_Whooper_swans_Hokkaido_W14_2017	H5N2	2	NCBI		
MN208017	A_teal_Egypt_MB_D_487OP_2016	H7N3	2	NCBI		
MF694063	A_mallard_duck_Netherlands_35_2015	H4N6	2	NCBI		
MN171424	A_duck_Chongqing_S4362_2017	H5N3	2	NCBI		
MK978902	A_duck_Hokkaido_X9_2016	H8N4	2	NCBI		
EPI855653	A_duck_Kagoshima_461213_2013	H4N6	2	GISAID	National Institute of Animal Health	
EPI866808	A_duck_Fukui_181015_2016	H6N2	2	GISAID	National Institute of Animal Health	
EPI867654	A_duck_Gunma_4_2016	H3N8	2	GISAID	National Institute of Animal Health	
KX949434	A_green_winged_teal_Alaska_UGAI15_6400_2015	H3N8	2	NCBI		
MN378543	A_mallard_duck_South_Korea_KNU2018_58_2018	H5N3	2	NCBI		
MH579387	A_mallard_Korea_F94_16_2017	H4N6	2	NCBI		
MH579403	A_mallard_Korea_CL45_2017	H4N6	2	NCBI		
EPI1139888	A_Chicken_Jiangsu_1_2018	H7N4	2	GISAID	Jiangsu Provincial Center for Disease Control & Prevention	
MG198949	A_duck_Fujian_SD013_2017	H6N6	2	NCBI		
LC339729	A_duck_Hokkaido_10_2015	H3N6	2	NCBI		
MK592579	A_swan_Hokkaido_481102_2017	H4N6	2	NCBI		
EPI855751	A_duck_Miyazaki_451105_2015	H4N6	2	GISAID	National Institute of Animal Health	
KJ200827	A_duck_Guangdong_S4251_2010	H6N6	2	NCBI		
EPI1333695	A_mallard_Khabarovsk_241_2017	H10N6	2	GISAID	State Research Center of Virology and Biotechnology (VECTOR)	"Natalia,Goncharova; Ivan,Susloparov; Natalia,Kolosova; Juliya,Bulanovich; Vasiliy,Marchenko; Alexander,Ryzhikov"
MH592190	A_chicken_China_X2224_2015	H6N6	2	NCBI		
EPI1226721	A_mallard_Korea_H956_1_2017	H7N7	2	GISAID	Animal and Plant Quarantine Agency (APQA)	
KJ162826	A_chicken_Taiwan_2267_2012	H6N1	2	NCBI		
KC785036	A_chicken_Taiwan_CF19_2009	H6N1	2	NCBI		
DQ376860	A_chicken_Taiwan_0706_03	H6N1	2	NCBI		
KF357827	A_duck_Zhejiang_D486_2013	H9N2	2	NCBI		
KY635519	A_duck_Bangladesh_24694_2015	H7N1	2	NCBI		
MN171440	A_duck_Jiangsu_S1665_2015	H5N3	2	NCBI		
CY146570	A_duck_Hunan_S11313_2012	H4N2	2	NCBI		
EPI866784	A_duck_Toyama_161010_2016	H6N2	2	GISAID	National Institute of Animal Health	
KJ907717	A_common_teal_Nanji_NJ_280_2013	H6N1	2	NCBI		
EPI866918	A_duck_Aichi_230307_2015	H2N9	2	GISAID	National Institute of Animal Health	
LC042049	A_duck_Hokkaido_W240_2014	H5N3	2	NCBI		
EPI855809	A_duck_Shimane_321004_2014	H5N2	2	GISAID	National Institute of Animal Health	
KM267856	A_duck_Bangladesh_14VIR1121_18_2013	H5N1	2	NCBI		
EPI855932	A_duck_Shimane_32_20_2014	H7N7	2	GISAID	National Institute of Animal Health	
KJ028472	A_duck_Laos_3295_2006	H5N1	2	NCBI		
EPI573636	A_crane_Kagoshima_KU13_2014	H5N8	2	GISAID	Kagoshima University	
EPI860646	A_gyrfalcon_Washington_41088_6_2014	H5N8	2	GISAID	National Institute of Animal Health	"Uchida,U."
KF042282	A_hill_myna_Heilongjiang_0704_2012	H5N1	2	NCBI		
DQ095732	A_Bar_headed_Goose_Qinghai_59_05	H5N1	2	NCBI		
EPI1123333	A_mallard_Korea_Jeju_H24_2017	H5N6	2	GISAID	Animal and Plant Quarantine Agency (S-2145)	
GU052704	A_chicken_Morales_28159_538_1995	H5N2	2	NCBI		
GU052665	A_chicken_Mexico_31381_991_1994	H5N2	2	NCBI		
EPI1064657	A_crane_Kagoshima_KU_52_2016	H5N6	2	GISAID	Kagoshima University	
DQ376868	A_chicken_Taiwan_0204_05	H6N1	2	NCBI		
JX570866	A_green_winged_teal_Xianghai_430_2011	H5N2	2	NCBI		
KT327373	A_goose_Taiwan_01042_2015	H5N3	3	NCBI		
EPI588967	A_chicken_Taiwan_a174_2015	H5N3	3	GISAID	Animal Health Research Institute	"Yu-Ju,Lin; Li-Hsuan,Chen; Wan-Chen,Li; Yu-Pin,Liu; Ming-Shiuh,Lee; Ming-Chu,Cheng; Hsiang-Jung,Tsai"
KC535014	A_Japanese_white_eye_Taoyuan_Q454_2012	H5N1	3	NCBI		
AB507257	A_chicken_Taiwan_1209_2003	H5N2	3	NCBI		
KF193391	A_chicken_Taiwan_0101_2012	H5N2	3	NCBI		
AB507263	A_chicken_Taiwan_A703_1_2008	H5N2	3	NCBI		
KJ162587	A_chicken_Taiwan_683_2012	H5N2	3	NCBI		
KF193399	A_chicken_Taiwan_A1997_2012	H5N2	3	NCBI		
KR137685	A_chicken_TY_a665_2015	H5N2	3	NCBI		
KR137677	A_chicken_CH_a556_2015	H5N2	3	NCBI		
EPI961921	A_chicken_Taiwan_u7_2016	H5N2	3	GISAID	Animal Health Research Institute	"Yu-Ju,Lin; Li-Hsuan,Chen; Wan-Chen,Li; Yen-Ping,Chen; Yu-Pin,Liu; Fan,Lee; Wen-Jane,Tu"
KU646892	A_goose_Taiwan_01040_2015	H5N2	3	NCBI		
EPI588975	A_duck_Taiwan_a068_2015	H5N8	3	GISAID	Animal Health Research Institute	"Yu-Ju,Lin; Li-Hsuan,Chen; Wan-Chen,Li; Yu-Pin,Liu; Ming-Shiuh,Lee; Ming-Chu,Cheng; Hsiang-Jung,Tsai"
EPI961931	A_chicken_Taiwan_x37_2016	H5N8	3	GISAID	Animal Health Research Institute	"Yu-Ju,Lin; Li-Hsuan,Chen; Wan-Chen,Li; Yen-Ping,Chen; Yu-Pin,Liu; Fan,Lee; Wen-Jane,Tu"
KJ162803	A_duck_Taiwan_11254_2013	H5N2	3	NCBI		
EPI915869	A_duck_Taiwan_1702004_2017	H5N6	3	GISAID	Animal Health Research Institute	"Yu-Ju,Lin; Li-Hsuan,Chen; Wan-Chen,Li; Yen-Ping,Chen; Yu-Pin,Liu; Fan,Lee; Wen-Jane,Tu"
KJ162715	A_duck_Taiwan_755_2013	H5N2	3	NCBI		
KC785068	A_duck_Taiwan_DV1236_2009	H5N2	3	NCBI		
KP792307	A_duck_Taiwan_DV518_2006	H5N2	3	NCBI		
KT327387	A_goose_Taiwan_01003_2015	H5N8	3	NCBI		
KT388467	A_goose_Taiwan_TNC4_2015	H5N8	3	NCBI		
KU646932	A_goose_Taiwan_01026_2015	H5N8	3	NCBI		
KT388451	A_goose_Taiwan_TNC2_2015	H5N8	3	NCBI		
KU646940	A_goose_Taiwan_01039_2015	H5N8	3	NCBI		
EPI1119057	A_spoonbill_Taiwan_DB645_2017	H5N6	3	GISAID	Animal Health Research Institute	"Yu-Ju,Lin; Li-Hsuan,Chen; Wan-Chen,Li; Yen-Ping,Chen; Yu-Pin,Liu; Fan,Lee; Wen-Jane,Tu"
EPI866830	A_duck_Aichi_231002_2016	H6N5	3	GISAID	National Institute of Animal Health	
MK592420	A_Whooper_swans_Hokkaido_W14_2017	H5N2	3	NCBI		
MN208014	A_teal_Egypt_MB_D_487OP_2016	H7N3	3	NCBI		
MF694032	A_mallard_duck_Netherlands_35_2015	H4N6	3	NCBI		
MN171425	A_duck_Chongqing_S4362_2017	H5N3	3	NCBI		
MK978903	A_duck_Hokkaido_X9_2016	H8N4	3	NCBI		
EPI855651	A_duck_Kagoshima_461213_2013	H4N6	3	GISAID	National Institute of Animal Health	
EPI866806	A_duck_Fukui_181015_2016	H6N2	3	GISAID	National Institute of Animal Health	
EPI867652	A_duck_Gunma_4_2016	H3N8	3	GISAID	National Institute of Animal Health	
KX949435	A_green_winged_teal_Alaska_UGAI15_6400_2015	H3N8	3	NCBI		
MN378544	A_mallard_duck_South_Korea_KNU2018_58_2018	H5N3	3	NCBI		
MH579388	A_mallard_Korea_F94_16_2017	H4N6	3	NCBI		
MH579404	A_mallard_Korea_CL45_2017	H4N6	3	NCBI		
EPI1139889	A_Chicken_Jiangsu_1_2018	H7N4	3	GISAID	Jiangsu Provincial Center for Disease Control & Prevention	
MG198945	A_duck_Fujian_SD013_2017	H6N6	3	NCBI		
LC339730	A_duck_Hokkaido_10_2015	H3N6	3	NCBI		
MK592580	A_swan_Hokkaido_481102_2017	H4N6	3	NCBI		
EPI855747	A_duck_Miyazaki_451105_2015	H4N6	3	GISAID	National Institute of Animal Health	
KJ200826	A_duck_Guangdong_S4251_2010	H6N6	3	NCBI		
EPI1333696	A_mallard_Khabarovsk_241_2017	H10N6	3	GISAID	State Research Center of Virology and Biotechnology (VECTOR)	"Natalia,Goncharova; Ivan,Susloparov; Natalia,Kolosova; Juliya,Bulanovich; Vasiliy,Marchenko; Alexander,Ryzhikov"
MH592221	A_chicken_China_X2224_2015	H6N6	3	NCBI		
EPI1226719	A_mallard_Korea_H956_1_2017	H7N7	3	GISAID	Animal and Plant Quarantine Agency (APQA)	
KJ162827	A_chicken_Taiwan_2267_2012	H6N1	3	NCBI		
KC785039	A_chicken_Taiwan_CF19_2009	H6N1	3	NCBI		
DQ376824	A_chicken_Taiwan_0706_03	H6N1	3	NCBI		
KF357832	A_duck_Zhejiang_D486_2013	H9N2	3	NCBI		
KY635624	A_duck_Bangladesh_24694_2015	H7N1	3	NCBI		
MN171441	A_duck_Jiangsu_S1665_2015	H5N3	3	NCBI		
CY146571	A_duck_Hunan_S11313_2012	H4N2	3	NCBI		
EPI866782	A_duck_Toyama_161010_2016	H6N2	3	GISAID	National Institute of Animal Health	
KJ907718	A_common_teal_Nanji_NJ_280_2013	H6N1	3	NCBI		
EPI866916	A_duck_Aichi_230307_2015	H2N9	3	GISAID	National Institute of Animal Health	
LC042050	A_duck_Hokkaido_W240_2014	H5N3	3	NCBI		
EPI855807	A_duck_Shimane_321004_2014	H5N2	3	GISAID	National Institute of Animal Health	
KM267855	A_duck_Bangladesh_14VIR1121_18_2013	H5N1	3	NCBI		
EPI855929	A_duck_Shimane_32_20_2014	H7N7	3	GISAID	National Institute of Animal Health	
KJ028473	A_duck_Laos_3295_2006	H5N1	3	NCBI		
EPI573637	A_crane_Kagoshima_KU13_2014	H5N8	3	GISAID	Kagoshima University	
EPI860644	A_gyrfalcon_Washington_41088_6_2014	H5N8	3	GISAID	National Institute of Animal Health	"Uchida,U."
KF042283	A_hill_myna_Heilongjiang_0704_2012	H5N1	3	NCBI		
DQ095712	A_Bar_headed_Goose_Qinghai_59_05	H5N1	3	NCBI		
EPI1123334	A_mallard_Korea_Jeju_H24_2017	H5N6	3	GISAID	Animal and Plant Quarantine Agency (S-2145)	
GU052703	A_chicken_Morales_28159_538_1995	H5N2	3	NCBI		
GU052664	A_chicken_Mexico_31381_991_1994	H5N2	3	NCBI		
EPI1064599	A_crane_Kagoshima_KU_52_2016	H5N6	3	GISAID	Kagoshima University	
DQ376832	A_chicken_Taiwan_0204_05	H6N1	3	NCBI		
JX570865	A_green_winged_teal_Xianghai_430_2011	H5N2	3	NCBI		
EPI860712	A_turkey_Minnesota_9845_4_2015	H5N2	4	GISAID	National Institute of Animal Health	"Uchida,U."
MG965144	A_turkey_Minnesota_15_011603_1_2015	H5N2	4	NCBI		
MG965800	A_turkey_South_Dakota_15_011769_1_2015	H5N2	4	NCBI		
MG964808	A_red_tailed_hawk_Washington_15_002551_2_2015	H5N2	4	NCBI		
KX838899	A_mallard_Alaska_AH0088535_2016	H5N2	4	NCBI		
KP307957	A_turkey_BC_FAV10_2014	H5N2	4	NCBI		
MG964760	A_falcon_Missouri_15_009166_2_2015	H5N2	4	NCBI		
EPI586534	A_chicken_BC_FAV22_2014	H5N2	4	GISAID	Canadian Food Inspection Agency	
EPI587521	A_American_wigeon_BC_050_31_2015	H5N8	4	GISAID	Canadian Food Inspection Agency	
KU201752	A_American_wigeon_Oregon_AH0012525_2015	H5N8	4	NCBI		
EPI953870	A_American_wigeon_California_UCD58P_2015	H5N8	4	GISAID	U.S. Geological Survey Alaska Science Center	"Boyce, Walter; Ramey, Andrew"
KR150901	A_turkey_California_K1500169_1_2_2015	H5N8	4	NCBI		
LC026477	A_tundra_swan_Tottori_C6nk_2014	H5N8	4	NCBI		
EPI573638	A_crane_Kagoshima_KU13_2014	H5N8	4	GISAID	Kagoshima University	
EPI553208	A_crane_Kagoshima_KU1_2014	H5N8	4	GISAID	Kagoshima University	
EPI573208	A_gadwall_Korea_H1351_2014	H5N8	4	GISAID	Animal and Plant Quarantine Agency (S-2026)	
KJ509036	A_Baikal_teal_Korea_H96_2014	H5N8	4	NCBI		
EPI547673	A_duck_England_36254_14	H5N8	4	GISAID	Animal and Plant Health Agency (APHA)	"Hanna, Amanda; Ellis, Richard; Ceeraz, Vanessa; Seekings, James; Londt, Brandon; Brookes, Sharon; Banks, Jill; Essen, Stephen; Brown, Ian"
EPI555126	A_stork_Germany_MV_R24_2015	H5N8	4	GISAID	Friedrich-Loeffler-Institut	
EPI550848	A_duck_England_36038_14	H5N8	4	GISAID	Animal and Plant Health Agency (APHA)	"Hanna, Amanda; Ellis, Richard; Ceeraz, Vanessa; Seekings, James; Londt, Brandon; Brookes, Sharon; Banks, Jill; Essen, Stephen; Brown, Ian"
EPI553349	A_wigeon_Sakha_1_2014	H5N8	4	GISAID	State Research Center of Virology and Biotechnology (VECTOR)	"Susloparov, I; Kolosova, N; Goncharova, N; Marchenko, V; Ryzhikov, A"
EPI573196	A_broiler_duck_Korea_H651_2014	H5N8	4	GISAID	Animal and Plant Quarantine Agency (S-2026)	
KJ756630	A_baikal_teal_Korea_1458_2014	H5N8	4	NCBI		
EPI837583	A_breeder_duck_Korea_16AQ17_2016	H5N8	4	GISAID	Animal and Plant Quarantine Agency (S-2026)	
EPI837564	A_duck_Korea_H2627_2015	H5N8	4	GISAID	Animal and Plant Quarantine Agency (S-2026)	
EPI837584	A_duck_Korea_16A02_2016	H5N8	4	GISAID	Animal and Plant Quarantine Agency (S-2026)	
KJ511812	A_waterfowl_Korea_S005_2014	H5N8	4	NCBI		
KJ413842	A_broiler_duck_Korea_Buan2_2014	H5N8	4	NCBI		
KJ509164	A_spot_billed_duck_Korea_H455_42_2014	H5N8	4	NCBI		
KJ508988	A_broiler_duck_Korea_H65_2014	H5N8	4	NCBI		
KT936689	A_Eurasian_curlew_Shanghai_DT1215_1_2014	H5N8	4	NCBI		
EPI573199	A_breeder_chicken_Korea_H1068_2014	H5N8	4	GISAID	Animal and Plant Quarantine Agency (S-2026)	
KJ509100	A_white_fronted_goose_Korea_H231_2014	H5N8	4	NCBI		
EPI573230	A_broiler_duck_Korea_H1803_2014	H5N8	4	GISAID	Animal and Plant Quarantine Agency (S-2026)	
EPI837541	A_breeder_duck_Korea_H2086_2015	H5N8	4	GISAID	Animal and Plant Quarantine Agency (S-2026)	
EPI888267	A_Korean_native_chicken_Korea_LBM287_2014	H5N8	4	GISAID	Animal and Plant Quarantine Agency (S-2026)	
EPI573229	A_broiler_duck_Korea_H1763_2014	H5N8	4	GISAID	Animal and Plant Quarantine Agency (S-2026)	
EPI837563	A_broiler_duck_Korea_H2618_2015	H5N8	4	GISAID	Animal and Plant Quarantine Agency (S-2026)	
EPI888264	A_domestic_mallard_Korea_LBM176_2014	H5N8	4	GISAID	Animal and Plant Quarantine Agency (S-2026)	
EPI573209	A_broiler_duck_Korea_H1413_2014	H5N8	4	GISAID	Animal and Plant Quarantine Agency (S-2026)	
EPI573198	A_broiler_duck_Korea_H959_2014	H5N8	4	GISAID	Animal and Plant Quarantine Agency (S-2026)	
EPI573206	A_breeder_duck_Korea_H1343_2014	H5N8	4	GISAID	Animal and Plant Quarantine Agency (S-2026)	
EPI573205	A_Korean_native_chicken_Korea_H1299_2014	H5N8	4	GISAID	Animal and Plant Quarantine Agency (S-2026)	
KJ508948	A_broiler_duck_Korea_H48_2014	H5N8	4	NCBI		
KJ508956	A_broiler_duck_Korea_H49_2014	H5N8	4	NCBI		
KJ756632	A_baikal_teal_Korea_2402_2014	H5N8	4	NCBI		
KJ508932	A_Baikal_teal_Korea_H41_2014	H5N8	4	NCBI		
EPI573197	A_chicken_Korea_H881_2014	H5N8	4	GISAID	Animal and Plant Quarantine Agency (S-2026)	
KY415621	A_duck_Hubei_ZYSYG18_2015	H5N6	4	NCBI		
EPI659639	A_goose_Shandong_01_07_JQ_GS_2015	H5N2	4	GISAID	"Institute of Microbiology, Chinese Academy of Sciences"	
EPI659631	A_goose_Shandong_01_01_JY_GS_2015	H5N2	4	GISAID	"Institute of Microbiology, Chinese Academy of Sciences"	
EPI659919	A_goose_Shandong_04_22_GT_2015	H5N2	4	GISAID	"Institute of Microbiology, Chinese Academy of Sciences"	
KY056286	A_chicken_Zhejiang_209_2016	H5N2	4	NCBI		
MF620123	A_wildfowl_Shandong_SD02_2015	H5N2	4	NCBI		
EPI1055332	A_chicken_Wuxi_6074_2015	H5N2	4	GISAID	Beijing Institute of Microbiology and Epidemiology	"Maijuan,Ma;
Shanhui,Chen;
Teng,Zhao"
KY056288	A_chicken_Zhejiang_232_2016	H5N2	4	NCBI		
MH685179	A_duck_China_YD1516_2016	H5N2	4	NCBI		
KX523694	A_duck_Hubei_SZY250_2016	H5N2	4	NCBI		
KP732639	A_duck_Eastern_China_S0131_2014	H5N2	4	NCBI		
MG965280	A_turkey_Minnesota_15_012577_1_2015	H5N2	4	NCBI		
MG965216	A_turkey_Minnesota_15_011923_1_2015	H5N2	4	NCBI		
MG965152	A_turkey_Minnesota_15_011656_1_2015	H5N2	4	NCBI		
MG964688	A_chicken_Missouri_15_014275_1_2015	H5N2	4	NCBI		
KR234022	A_turkey_Arkansas_7791_1_2015	H5N2	4	NCBI		
KY342034	A_turkey_Minnesota_E14_2015	H5N2	4	NCBI		
KX351771	A_turkey_South_Dakota_15_012511_2_2015	H5N2	4	NCBI		
KU201943	A_Canada_goose_Kansas_197850_2015	H5N2	4	NCBI		
KR234014	A_turkey_Missouri_7458_1_2015	H5N2	4	NCBI		
MG964776	A_great_horned_owl_Idaho_15_001583_11_2015	H5N2	4	NCBI		
EPI586526	A_chicken_BC_FAV21_2014	H5N2	4	GISAID	Canadian Food Inspection Agency	
MG965072	A_turkey_Minnesota_15_010856_1_2015	H5N2	4	NCBI		
KU201816	A_mallard_Oregon_195547_2014	H5N2	4	NCBI		
KR233990	A_chicken_Washington_3490_18_2015	H5N2	4	NCBI		
KR150909	A_pheasant_Washington_3147_2_2015	H5N2	4	NCBI		
EPI861000	A_Northern_pintail_Washington_40964_2014	H5N2	4	GISAID	National Institute of Animal Health	"Uchida,U."
KU201856	A_American_wigeon_Washington_196336_2015	H5N1	4	NCBI		
KU201744	A_Canada_goose_Oregon_AH0012452_2015	H5N8	4	NCBI		
EPI860648	A_gyrfalcon_Washington_41088_6_2014	H5N8	4	GISAID	National Institute of Animal Health	"Uchida,U."
EPI691836	A_gull_Germany_NI_R45_2015	H5N8	4	GISAID	Friedrich-Loeffler-Institut	
EPI573239	A_mallard_Korea_H1924_6_2014	H5N8	4	GISAID	Animal and Plant Quarantine Agency (S-2026)	
EPI687239	A_turkey_Germany_AR3390_L00939_2014	H5N8	4	GISAID	Friedrich-Loeffler-Institut	
EPI576384	A_MuteSwan_Sweden_SVA150311KU0277_SZ502_2015	H5N8	4	GISAID	National Veterinary Institute	"'Zohari,Siamak';'Ullman,Karin'; 'Olofson,Ann-Sophie'"
EPI573203	A_chicken_Korea_H1292_2014	H5N8	4	GISAID	Animal and Plant Quarantine Agency (S-2026)	
EPI573195	A_breeder_chicken_Korea_H818_2014	H5N8	4	GISAID	Animal and Plant Quarantine Agency (S-2026)	
KJ508900	A_broiler_duck_Korea_H29_2014	H5N8	4	NCBI		
KJ509148	A_tundra_swan_Korea_H411_2014	H5N8	4	NCBI		
EPI573200	A_Korean_native_chicken_Korea_H1139_2014	H5N8	4	GISAID	Animal and Plant Quarantine Agency (S-2026)	
KJ509076	A_breeder_duck_Korea_H158_2014	H5N8	4	NCBI		
EPI662648	A_chicken_Miyazaki_2_4_2014	H5N8	4	GISAID	National Institute of Animal Health	
EPI837545	A_broiler_duck_Korea_H2266_2015	H5N8	4	GISAID	Animal and Plant Quarantine Agency (S-2026)	
EPI837550	A_mallard_Korea_H2321_2015	H5N8	4	GISAID	Animal and Plant Quarantine Agency (S-2026)	
KJ756624	A_baikal_teal_Korea_1448_2014	H5N8	4	NCBI		
EPI888269	A_Korean_native_chicken_Korea_LBM367_2014	H5N8	4	GISAID	Animal and Plant Quarantine Agency (S-2026)	
EPI837543	A_broiler_duck_Korea_H2116_2015	H5N8	4	GISAID	Animal and Plant Quarantine Agency (S-2026)	
EPI573224	A_broiler_duck_Korea_H1739_2014	H5N8	4	GISAID	Animal and Plant Quarantine Agency (S-2026)	
EPI573222	A_broiler_duck_Korea_H1733_2014	H5N8	4	GISAID	Animal and Plant Quarantine Agency (S-2026)	
EPI837569	A_breeder_duck_Korea_H2675_2015	H5N8	4	GISAID	Animal and Plant Quarantine Agency (S-2026)	
EPI888266	A_Korean_native_chicken_Korea_LBM282_2014	H5N8	4	GISAID	Animal and Plant Quarantine Agency (S-2026)	
EPI573216	A_broiler_duck_Korea_H1683_2014	H5N8	4	GISAID	Animal and Plant Quarantine Agency (S-2026)	
EPI573213	A_broiler_duck_Korea_H1556_2014	H5N8	4	GISAID	Animal and Plant Quarantine Agency (S-2026)	
KJ756621	A_baikal_teal_Korea_1445_2014	H5N8	4	NCBI		
KJ509044	A_breeder_chicken_Korea_H122_2014	H5N8	4	NCBI		
KJ756623	A_baikal_teal_Korea_1447_2014	H5N8	4	NCBI		
KJ509132	A_mallard_Korea_H297_2014	H5N8	4	NCBI		
KX602689	A_chicken_Zhejiang_7450_2015	H5N2	4	NCBI		
EPI1055335	A_duck_Wuxi_6462_2015	H5N2	4	GISAID	Beijing Institute of Microbiology and Epidemiology	"Maijuan,Ma;
Shanhui,Chen;
Teng,Zhao"
KP714481	A_goose_Taiwan_01042_2015	H5N3	4	NCBI		
EPI588968	A_chicken_Taiwan_a174_2015	H5N3	4	GISAID	Animal Health Research Institute	"Yu-Ju,Lin; Li-Hsuan,Chen; Wan-Chen,Li; Yu-Pin,Liu; Ming-Shiuh,Lee; Ming-Chu,Cheng; Hsiang-Jung,Tsai"
EPI961922	A_chicken_Taiwan_u7_2016	H5N2	4	GISAID	Animal Health Research Institute	"Yu-Ju,Lin; Li-Hsuan,Chen; Wan-Chen,Li; Yen-Ping,Chen; Yu-Pin,Liu; Fan,Lee; Wen-Jane,Tu"
KU646893	A_goose_Taiwan_01040_2015	H5N2	4	NCBI		
EPI588976	A_duck_Taiwan_a068_2015	H5N8	4	GISAID	Animal Health Research Institute	"Yu-Ju,Lin; Li-Hsuan,Chen; Wan-Chen,Li; Yu-Pin,Liu; Ming-Shiuh,Lee; Ming-Chu,Cheng; Hsiang-Jung,Tsai"
EPI961933	A_chicken_Taiwan_x37_2016	H5N8	4	GISAID	Animal Health Research Institute	"Yu-Ju,Lin; Li-Hsuan,Chen; Wan-Chen,Li; Yen-Ping,Chen; Yu-Pin,Liu; Fan,Lee; Wen-Jane,Tu"
KP714479	A_goose_Taiwan_01003_2015	H5N8	4	NCBI		
KT388468	A_goose_Taiwan_TNC4_2015	H5N8	4	NCBI		
KU646933	A_goose_Taiwan_01026_2015	H5N8	4	NCBI		
KT388452	A_goose_Taiwan_TNC2_2015	H5N8	4	NCBI		
KU646941	A_goose_Taiwan_01039_2015	H5N8	4	NCBI		
KM368298	A_chicken_Mexico_876_06_2006	H5N2	4	NCBI		
KM368295	A_chicken_Durango_0590_06_2006	H5N2	4	NCBI		
KM368308	A_chicken_Durango_2880_06_2006	H5N2	4	NCBI		
KM368307	A_chicken_Durango_2393_06_2006	H5N2	4	NCBI		
KM368306	A_chicken_Durango_2238_06_2006	H5N2	4	NCBI		
KM368283	A_chicken_Durango_6973_05_2005	H5N2	4	NCBI		
KM368290	A_chicken_Mexico_0867_06_2006	H5N2	4	NCBI		
KM368297	A_chicken_Mexico_831_06_2006	H5N2	4	NCBI		
KM455913	A_chicken_Durango_1433_8_2005	H5N2	4	NCBI		
KM368276	A_chicken_Durango_2678_05_2005	H5N2	4	NCBI		
KM455950	A_chicken_Durango_1433_2_2005	H5N2	4	NCBI		
KM368286	A_chicken_Queretaro_0089_06_2006	H5N2	4	NCBI		
KM455945	A_chicken_Coahuila_1433_15_2006	H5N2	4	NCBI		
KM368305	A_chicken_Durango_1348_06_2006	H5N2	4	NCBI		
KM455951	A_chicken_Coahuila_1433_3_2005	H5N2	4	NCBI		
KM368278	A_chicken_Coahuila_3739_05_2005	H5N2	4	NCBI		
KM368277	A_chicken_Durango_3717_05_2005	H5N2	4	NCBI		
KM368292	A_chicken_Durango_1555_06_2006	H5N2	4	NCBI		
KM455954	A_chicken_Durango_1433_14_2006	H5N2	4	NCBI		
KM368300	A_chicken_Coahuila_2936_06_2006	H5N2	4	NCBI		
KM455889	A_chicken_Durango_1433_4_2005	H5N2	4	NCBI		
KM368275	A_chicken_Coahuila_2675_05_2005	H5N2	4	NCBI		
KM368284	A_chicken_Durango_7035_05_2005	H5N2	4	NCBI		
KM368274	A_chicken_Queretaro_1939_05_2005	H5N2	4	NCBI		
KM455953	A_chicken_Veracruz_1433_12_2006	H5N2	4	NCBI		
KJ729343	A_chicken_Mexico_07_2007	H5N2	4	NCBI		
KM368294	A_chicken_Queretaro_0092_06_2006	H5N2	4	NCBI		
KM455921	A_chicken_Durango_1433_9_2006	H5N2	4	NCBI		
KM368304	A_chicken_Durango_0085_06_2006	H5N2	4	NCBI		
KM368282	A_chicken_Queretaro_6794_05_2005	H5N2	4	NCBI		
KM455952	A_chicken_Durango_1433_7_2005	H5N2	4	NCBI		
KM368281	A_chicken_Queretaro_6535_05_2005	H5N2	4	NCBI		
KM368301	A_chicken_Michoacan_2960_06_2006	H5N2	4	NCBI		
KM368288	A_chicken_Mexico_681_06_2006	H5N2	4	NCBI		
KM368287	A_chicken_Mexico_590_06_2006	H5N2	4	NCBI		
KM455937	A_chicken_Mexico_1433_13_2006	H5N2	4	NCBI		
KM455929	A_chicken_Durango_1433_10_2006	H5N2	4	NCBI		
KM368296	A_chicken_Chiapas_0681_06_2006	H5N2	4	NCBI		
KM657867	A_chicken_Coahuila_IA05_2009	H5N2	4	NCBI		
GU050159	A_yellow_headed_Amazon_California_500658_2007	H5N2	4	NCBI		
KM368303	A_chicken_Aguascalientes_4244_06_2006	H5N2	4	NCBI		
KM455897	A_chicken_Mexico_1433_5_2005	H5N2	4	NCBI		
KM368280	A_chicken_Mexico_6531_05_2005	H5N2	4	NCBI		
KM368302	A_chicken_Michoacan_4240_06_2006	H5N2	4	NCBI		
KM368285	A_chicken_Hidalgo_7637_05_2005	H5N2	4	NCBI		
KM368289	A_chicken_Veracruz_0835_06_2006	H5N2	4	NCBI		
KM368291	A_chicken_Hidalgo_1336_06_2006	H5N2	4	NCBI		
KM368279	A_chicken_Mexico_4188_05_2005	H5N2	4	NCBI		
GU052636	A_chicken_El_Salvador_102711_2_2001	H5N2	4	NCBI		
GU186557	A_chicken_Guatemala_194573_2002	H5N2	4	NCBI		
GU052795	A_chicken_Guatemala_45511_5_2000	H5N2	4	NCBI		
EU099401	A_chicken_Guatemala_270475_4_2003	H5N2	4	NCBI		
EU099400	A_chicken_Guatemala_270475_1_2003	H5	4	NCBI		
KM455881	A_chicken_Veracruz_1433_1_2006	H5N2	4	NCBI		
KM368299	A_turkey_Veracruz_2579_06_2006	H5N2	4	NCBI		
DQ256383	A_parrot_CA_6032_04	H5N2	4	NCBI		
FJ864690	A_chicken_Mexico_435_2005	H5N2	4	NCBI		
CY014717	A_chicken_Chis_15224_1997	H5N2	4	NCBI		
GU052675	A_chicken_Puebla_28159_474_1995	H5N2	4	NCBI		
CY006040	A_chicken_Hidalgo_28159_232_1994	H5N2	4	NCBI		
AB558474	A_chicken_Queretaro_14588_19_1995	H5N2	4	NCBI		
U79448	A_chicken_Queretaro_7653_20_1995	H5N2	4	NCBI		
GU052763	A_chicken_Queretaro_22019_853_1996	H5N2	4	NCBI		
GU052651	A_chicken_Guanajuato_28159_546_1995	H5N2	4	NCBI		
FJ610108	A_chicken_Jalisco_14589_660_1994	H5N2	4	NCBI		
GU186565	A_chicken_Mexico_31381_3_1994	H5N2	4	NCBI		
GU052659	A_chicken_Mexico_31381_991_1994	H5N2	4	NCBI		
FJ610094	A_chicken_Puebla_14587_644_1994	H5N2	4	NCBI		
GU052667	A_chicken_Puebla_14586_654_1994	H5N2	4	NCBI		
AB558473	A_chicken_Puebla_8623_607_1994	H5N2	4	NCBI		
GU052588	A_chicken_Mexico_37821_771_1996	H5N2	4	NCBI		
GU052596	A_chicken_Chiapas_15406_1997	H5N2	4	NCBI		
GU052690	A_chicken_Mexico_28159_541_1995	H5N2	4	NCBI		
GU186573	A_chicken_Mexico_31381_7_1994	H5N2	4	NCBI		
KR137670	A_chicken_TC_a504_2015	H5N2	4	NCBI		
KR137686	A_chicken_TY_a665_2015	H5N2	4	NCBI		
KR137654	A_chicken_PT_a158_2015	H5N2	4	NCBI		
KR137662	A_chicken_GY_a451_2015	H5N2	4	NCBI		
KR137678	A_chicken_CH_a556_2015	H5N2	4	NCBI		
KR137702	A_chicken_PH_A2821_2013	H5N2	4	NCBI		
KY989967	A_chicken_Taiwan_CY_A2628_2012	H5N2	4	NCBI		
KF193394	A_chicken_Taiwan_A1997_2012	H5N2	4	NCBI		
KJ720208	A_chicken_Taiwan_0502_2012	H5N2	4	NCBI		
KR137710	A_chicken_YL_A3190_2014	H5N2	4	NCBI		
KJ162700	A_chicken_Taiwan_8996_2013	H5N2	4	NCBI		
KJ162692	A_chicken_Taiwan_8995_2013	H5N2	4	NCBI		
KJ162660	A_chicken_Taiwan_2948_2013	H5N2	4	NCBI		
KJ162612	A_chicken_Taiwan_2593_2012	H5N2	4	NCBI		
KJ162668	A_chicken_Taiwan_7350_2013	H5N2	4	NCBI		
KJ162708	A_chicken_Taiwan_4443_2013	H5N2	4	NCBI		
KJ162588	A_chicken_Taiwan_683_2012	H5N2	4	NCBI		
AB507264	A_chicken_Taiwan_A703_1_2008	H5N2	4	NCBI		
KJ162620	A_chicken_Taiwan_1680_2013	H5N2	4	NCBI		
KF193386	A_chicken_Taiwan_0101_2012	H5N2	4	NCBI		
KY989969	A_chicken_Taiwan_CH_A1029_2010	H5N2	4	NCBI		
AY573917	A_chicken_Taiwan_1209_2003	H5N2	4	NCBI		
KT327374	A_goose_Taiwan_01042_2015	H5N3	5	NCBI		
EPI588969	A_chicken_Taiwan_a174_2015	H5N3	5	GISAID	Animal Health Research Institute	"Yu-Ju,Lin; Li-Hsuan,Chen; Wan-Chen,Li; Yu-Pin,Liu; Ming-Shiuh,Lee; Ming-Chu,Cheng; Hsiang-Jung,Tsai"
KC535012	A_Japanese_white_eye_Taoyuan_Q454_2012	H5N1	5	NCBI		
AB507258	A_chicken_Taiwan_1209_2003	H5N2	5	NCBI		
KF193389	A_chicken_Taiwan_0101_2012	H5N2	5	NCBI		
AB507265	A_chicken_Taiwan_A703_1_2008	H5N2	5	NCBI		
KJ162589	A_chicken_Taiwan_683_2012	H5N2	5	NCBI		
KF193397	A_chicken_Taiwan_A1997_2012	H5N2	5	NCBI		
KR137687	A_chicken_TY_a665_2015	H5N2	5	NCBI		
KR137679	A_chicken_CH_a556_2015	H5N2	5	NCBI		
EPI961923	A_chicken_Taiwan_u7_2016	H5N2	5	GISAID	Animal Health Research Institute	"Yu-Ju,Lin; Li-Hsuan,Chen; Wan-Chen,Li; Yen-Ping,Chen; Yu-Pin,Liu; Fan,Lee; Wen-Jane,Tu"
KU646894	A_goose_Taiwan_01040_2015	H5N2	5	NCBI		
EPI588977	A_duck_Taiwan_a068_2015	H5N8	5	GISAID	Animal Health Research Institute	"Yu-Ju,Lin; Li-Hsuan,Chen; Wan-Chen,Li; Yu-Pin,Liu; Ming-Shiuh,Lee; Ming-Chu,Cheng; Hsiang-Jung,Tsai"
EPI961934	A_chicken_Taiwan_x37_2016	H5N8	5	GISAID	Animal Health Research Institute	"Yu-Ju,Lin; Li-Hsuan,Chen; Wan-Chen,Li; Yen-Ping,Chen; Yu-Pin,Liu; Fan,Lee; Wen-Jane,Tu"
KJ162805	A_duck_Taiwan_11254_2013	H5N2	5	NCBI		
EPI915871	A_duck_Taiwan_1702004_2017	H5N6	5	GISAID	Animal Health Research Institute	"Yu-Ju,Lin; Li-Hsuan,Chen; Wan-Chen,Li; Yen-Ping,Chen; Yu-Pin,Liu; Fan,Lee; Wen-Jane,Tu"
KJ162717	A_duck_Taiwan_755_2013	H5N2	5	NCBI		
KC785071	A_duck_Taiwan_DV1236_2009	H5N2	5	NCBI		
KP792309	A_duck_Taiwan_DV518_2006	H5N2	5	NCBI		
KT327388	A_goose_Taiwan_01003_2015	H5N8	5	NCBI		
KT388469	A_goose_Taiwan_TNC4_2015	H5N8	5	NCBI		
KU646934	A_goose_Taiwan_01026_2015	H5N8	5	NCBI		
KT388453	A_goose_Taiwan_TNC2_2015	H5N8	5	NCBI		
KU646942	A_goose_Taiwan_01039_2015	H5N8	5	NCBI		
EPI1119072	A_spoonbill_Taiwan_DB645_2017	H5N6	5	GISAID	Animal Health Research Institute	"Yu-Ju,Lin; Li-Hsuan,Chen; Wan-Chen,Li; Yen-Ping,Chen; Yu-Pin,Liu; Fan,Lee; Wen-Jane,Tu"
EPI866827	A_duck_Aichi_231002_2016	H6N5	5	GISAID	National Institute of Animal Health	
MK592422	A_Whooper_swans_Hokkaido_W14_2017	H5N2	5	NCBI		
MN208011	A_teal_Egypt_MB_D_487OP_2016	H7N3	5	NCBI		
MF694210	A_mallard_duck_Netherlands_35_2015	H4N6	5	NCBI		
MN171427	A_duck_Chongqing_S4362_2017	H5N3	5	NCBI		
MK978905	A_duck_Hokkaido_X9_2016	H8N4	5	NCBI		
EPI855648	A_duck_Kagoshima_461213_2013	H4N6	5	GISAID	National Institute of Animal Health	
EPI866803	A_duck_Fukui_181015_2016	H6N2	5	GISAID	National Institute of Animal Health	
EPI867649	A_duck_Gunma_4_2016	H3N8	5	GISAID	National Institute of Animal Health	
MN378546	A_mallard_duck_South_Korea_KNU2018_58_2018	H5N3	5	NCBI		
MH579390	A_mallard_Korea_F94_16_2017	H4N6	5	NCBI		
MH579406	A_mallard_Korea_CL45_2017	H4N6	5	NCBI		
EPI1139891	A_Chicken_Jiangsu_1_2018	H7N4	5	GISAID	Jiangsu Provincial Center for Disease Control & Prevention	
MG198937	A_duck_Fujian_SD013_2017	H6N6	5	NCBI		
LC339732	A_duck_Hokkaido_10_2015	H3N6	5	NCBI		
MK592582	A_swan_Hokkaido_481102_2017	H4N6	5	NCBI		
EPI855744	A_duck_Miyazaki_451105_2015	H4N6	5	GISAID	National Institute of Animal Health	
KJ200824	A_duck_Guangdong_S4251_2010	H6N6	5	NCBI		
EPI1333697	A_mallard_Khabarovsk_241_2017	H10N6	5	GISAID	State Research Center of Virology and Biotechnology (VECTOR)	"Natalia,Goncharova; Ivan,Susloparov; Natalia,Kolosova; Juliya,Bulanovich; Vasiliy,Marchenko; Alexander,Ryzhikov"
MH592283	A_chicken_China_X2224_2015	H6N6	5	NCBI		
EPI1226716	A_mallard_Korea_H956_1_2017	H7N7	5	GISAID	Animal and Plant Quarantine Agency (APQA)	
KJ162829	A_chicken_Taiwan_2267_2012	H6N1	5	NCBI		
KC785042	A_chicken_Taiwan_CF19_2009	H6N1	5	NCBI		
DQ376752	A_chicken_Taiwan_0706_03	H6N1	5	NCBI		
KF357839	A_duck_Zhejiang_D486_2013	H9N2	5	NCBI		
KY635523	A_duck_Bangladesh_24694_2015	H7N1	5	NCBI		
MN171443	A_duck_Jiangsu_S1665_2015	H5N3	5	NCBI		
CY146573	A_duck_Hunan_S11313_2012	H4N2	5	NCBI		
EPI866779	A_duck_Toyama_161010_2016	H6N2	5	GISAID	National Institute of Animal Health	
KJ907720	A_common_teal_Nanji_NJ_280_2013	H6N1	5	NCBI		
EPI866913	A_duck_Aichi_230307_2015	H2N9	5	GISAID	National Institute of Animal Health	
LC042051	A_duck_Hokkaido_W240_2014	H5N3	5	NCBI		
EPI855800	A_duck_Shimane_321004_2014	H5N2	5	GISAID	National Institute of Animal Health	
KM267853	A_duck_Bangladesh_14VIR1121_18_2013	H5N1	5	NCBI		
EPI855924	A_duck_Shimane_32_20_2014	H7N7	5	GISAID	National Institute of Animal Health	
KJ028474	A_duck_Laos_3295_2006	H5N1	5	NCBI		
EPI573639	A_crane_Kagoshima_KU13_2014	H5N8	5	GISAID	Kagoshima University	
EPI860641	A_gyrfalcon_Washington_41088_6_2014	H5N8	5	GISAID	National Institute of Animal Health	"Uchida,U."
KF042285	A_hill_myna_Heilongjiang_0704_2012	H5N1	5	NCBI		
DQ095672	A_Bar_headed_Goose_Qinghai_59_05	H5N1	5	NCBI		
EPI1123336	A_mallard_Korea_Jeju_H24_2017	H5N6	5	GISAID	Animal and Plant Quarantine Agency (S-2145)	
EPI1064659	A_crane_Kagoshima_KU_52_2016	H5N6	5	GISAID	Kagoshima University	
DQ376760	A_chicken_Taiwan_0204_05	H6N1	5	NCBI		
JX570870	A_green_winged_teal_Xianghai_430_2011	H5N2	5	NCBI		
AY573918	A_chicken_Taiwan_1209_2003	H5N2	6	NCBI		
KF193388	A_chicken_Taiwan_0101_2012	H5N2	6	NCBI		
AB507266	A_chicken_Taiwan_A703_1_2008	H5N2	6	NCBI		
KJ162590	A_chicken_Taiwan_683_2012	H5N2	6	NCBI		
KF193396	A_chicken_Taiwan_A1997_2012	H5N2	6	NCBI		
KR137688	A_chicken_TY_a665_2015	H5N2	6	NCBI		
KR137680	A_chicken_CH_a556_2015	H5N2	6	NCBI		
EPI961924	A_chicken_Taiwan_u7_2016	H5N2	6	GISAID	Animal Health Research Institute	"Yu-Ju,Lin; Li-Hsuan,Chen; Wan-Chen,Li; Yen-Ping,Chen; Yu-Pin,Liu; Fan,Lee; Wen-Jane,Tu"
KU646895	A_goose_Taiwan_01040_2015	H5N2	6	NCBI		
KJ162806	A_duck_Taiwan_11254_2013	H5N2	6	NCBI		
KJ162718	A_duck_Taiwan_755_2013	H5N2	6	NCBI		
KC785067	A_duck_Taiwan_DV1236_2009	H5N2	6	NCBI		
KP792310	A_duck_Taiwan_DV518_2006	H5N2	6	NCBI		
MK592423	A_Whooper_swans_Hokkaido_W14_2017	H5N2	6	NCBI		
EPI866809	A_duck_Fukui_181015_2016	H6N2	6	GISAID	National Institute of Animal Health	
CY146574	A_duck_Hunan_S11313_2012	H4N2	6	NCBI		
EPI866785	A_duck_Toyama_161010_2016	H6N2	6	GISAID	National Institute of Animal Health	
EPI855811	A_duck_Shimane_321004_2014	H5N2	6	GISAID	National Institute of Animal Health	
GU052700	A_chicken_Morales_28159_538_1995	H5N2	6	NCBI		
CY005833	A_chicken_Hidalgo_28159_232_1994	H5N2	6	NCBI		
JX570864	A_green_winged_teal_Xianghai_430_2011	H5N2	6	NCBI		
KU646863	A_duck_Taiwan_01006_2015	H5N2	6	NCBI		
GU050732	A_mallard_Minnesota_27_1998	H2N2	6	NCBI		
MH130172	A_mallard_Korea_M219_2014	H6N2	6	NCBI		
KT327376	A_goose_Taiwan_01042_2015	H5N3	7	NCBI		
EPI588971	A_chicken_Taiwan_a174_2015	H5N3	7	GISAID	Animal Health Research Institute	"Yu-Ju,Lin; Li-Hsuan,Chen; Wan-Chen,Li; Yu-Pin,Liu; Ming-Shiuh,Lee; Ming-Chu,Cheng; Hsiang-Jung,Tsai"
KC535011	A_Japanese_white_eye_Taoyuan_Q454_2012	H5N1	7	NCBI		
AB507259	A_chicken_Taiwan_1209_2003	H5N2	7	NCBI		
KF193387	A_chicken_Taiwan_0101_2012	H5N2	7	NCBI		
AB507267	A_chicken_Taiwan_A703_1_2008	H5N2	7	NCBI		
KJ162591	A_chicken_Taiwan_683_2012	H5N2	7	NCBI		
KF193395	A_chicken_Taiwan_A1997_2012	H5N2	7	NCBI		
KR137689	A_chicken_TY_a665_2015	H5N2	7	NCBI		
KR137681	A_chicken_CH_a556_2015	H5N2	7	NCBI		
EPI961925	A_chicken_Taiwan_u7_2016	H5N2	7	GISAID	Animal Health Research Institute	"Yu-Ju,Lin; Li-Hsuan,Chen; Wan-Chen,Li; Yen-Ping,Chen; Yu-Pin,Liu; Fan,Lee; Wen-Jane,Tu"
KU646896	A_goose_Taiwan_01040_2015	H5N2	7	NCBI		
EPI588979	A_duck_Taiwan_a068_2015	H5N8	7	GISAID	Animal Health Research Institute	"Yu-Ju,Lin; Li-Hsuan,Chen; Wan-Chen,Li; Yu-Pin,Liu; Ming-Shiuh,Lee; Ming-Chu,Cheng; Hsiang-Jung,Tsai"
EPI961938	A_chicken_Taiwan_x37_2016	H5N8	7	GISAID	Animal Health Research Institute	"Yu-Ju,Lin; Li-Hsuan,Chen; Wan-Chen,Li; Yen-Ping,Chen; Yu-Pin,Liu; Fan,Lee; Wen-Jane,Tu"
KJ162807	A_duck_Taiwan_11254_2013	H5N2	7	NCBI		
EPI915873	A_duck_Taiwan_1702004_2017	H5N6	7	GISAID	Animal Health Research Institute	"Yu-Ju,Lin; Li-Hsuan,Chen; Wan-Chen,Li; Yen-Ping,Chen; Yu-Pin,Liu; Fan,Lee; Wen-Jane,Tu"
KJ162719	A_duck_Taiwan_755_2013	H5N2	7	NCBI		
KC785064	A_duck_Taiwan_DV1236_2009	H5N2	7	NCBI		
KP792311	A_duck_Taiwan_DV518_2006	H5N2	7	NCBI		
KT327390	A_goose_Taiwan_01003_2015	H5N8	7	NCBI		
KT388471	A_goose_Taiwan_TNC4_2015	H5N8	7	NCBI		
KU646936	A_goose_Taiwan_01026_2015	H5N8	7	NCBI		
KT388455	A_goose_Taiwan_TNC2_2015	H5N8	7	NCBI		
KU646944	A_goose_Taiwan_01039_2015	H5N8	7	NCBI		
EPI1119074	A_spoonbill_Taiwan_DB645_2017	H5N6	7	GISAID	Animal Health Research Institute	"Yu-Ju,Lin; Li-Hsuan,Chen; Wan-Chen,Li; Yen-Ping,Chen; Yu-Pin,Liu; Fan,Lee; Wen-Jane,Tu"
EPI866829	A_duck_Aichi_231002_2016	H6N5	7	GISAID	National Institute of Animal Health	
MK592424	A_Whooper_swans_Hokkaido_W14_2017	H5N2	7	NCBI		
MN208010	A_teal_Egypt_MB_D_487OP_2016	H7N3	7	NCBI		
MF694049	A_mallard_duck_Netherlands_35_2015	H4N6	7	NCBI		
MN171429	A_duck_Chongqing_S4362_2017	H5N3	7	NCBI		
MK978907	A_duck_Hokkaido_X9_2016	H8N4	7	NCBI		
EPI855650	A_duck_Kagoshima_461213_2013	H4N6	7	GISAID	National Institute of Animal Health	
EPI866805	A_duck_Fukui_181015_2016	H6N2	7	GISAID	National Institute of Animal Health	
EPI867651	A_duck_Gunma_4_2016	H3N8	7	GISAID	National Institute of Animal Health	
KX949439	A_green_winged_teal_Alaska_UGAI15_6400_2015	H3N8	7	NCBI		
MN378548	A_mallard_duck_South_Korea_KNU2018_58_2018	H5N3	7	NCBI		
MH579392	A_mallard_Korea_F94_16_2017	H4N6	7	NCBI		
MH579408	A_mallard_Korea_CL45_2017	H4N6	7	NCBI		
EPI1139893	A_Chicken_Jiangsu_1_2018	H7N4	7	GISAID	Jiangsu Provincial Center for Disease Control & Prevention	
MG198929	A_duck_Fujian_SD013_2017	H6N6	7	NCBI		
LC339734	A_duck_Hokkaido_10_2015	H3N6	7	NCBI		
MK592584	A_swan_Hokkaido_481102_2017	H4N6	7	NCBI		
EPI855746	A_duck_Miyazaki_451105_2015	H4N6	7	GISAID	National Institute of Animal Health	
KJ200822	A_duck_Guangdong_S4251_2010	H6N6	7	NCBI		
EPI1333698	A_mallard_Khabarovsk_241_2017	H10N6	7	GISAID	State Research Center of Virology and Biotechnology (VECTOR)	"Natalia,Goncharova; Ivan,Susloparov; Natalia,Kolosova; Juliya,Bulanovich; Vasiliy,Marchenko; Alexander,Ryzhikov"
MH592345	A_chicken_China_X2224_2015	H6N6	7	NCBI		
EPI1226718	A_mallard_Korea_H956_1_2017	H7N7	7	GISAID	Animal and Plant Quarantine Agency (APQA)	
KJ162831	A_chicken_Taiwan_2267_2012	H6N1	7	NCBI		
KC785035	A_chicken_Taiwan_CF19_2009	H6N1	7	NCBI		
DQ376679	A_chicken_Taiwan_0706_03	H6N1	7	NCBI		
KF357849	A_duck_Zhejiang_D486_2013	H9N2	7	NCBI		
KY635603	A_duck_Bangladesh_24694_2015	H7N1	7	NCBI		
MN171445	A_duck_Jiangsu_S1665_2015	H5N3	7	NCBI		
CY146575	A_duck_Hunan_S11313_2012	H4N2	7	NCBI		
EPI866781	A_duck_Toyama_161010_2016	H6N2	7	GISAID	National Institute of Animal Health	
KJ907722	A_common_teal_Nanji_NJ_280_2013	H6N1	7	NCBI		
EPI866915	A_duck_Aichi_230307_2015	H2N9	7	GISAID	National Institute of Animal Health	
LC042053	A_duck_Hokkaido_W240_2014	H5N3	7	NCBI		
EPI855804	A_duck_Shimane_321004_2014	H5N2	7	GISAID	National Institute of Animal Health	
KM267851	A_duck_Bangladesh_14VIR1121_18_2013	H5N1	7	NCBI		
EPI855927	A_duck_Shimane_32_20_2014	H7N7	7	GISAID	National Institute of Animal Health	
KJ028475	A_duck_Laos_3295_2006	H5N1	7	NCBI		
EPI573641	A_crane_Kagoshima_KU13_2014	H5N8	7	GISAID	Kagoshima University	
EPI860643	A_gyrfalcon_Washington_41088_6_2014	H5N8	7	GISAID	National Institute of Animal Health	"Uchida,U."
KF042287	A_hill_myna_Heilongjiang_0704_2012	H5N1	7	NCBI		
DQ095632	A_Bar_headed_Goose_Qinghai_59_05	H5N1	7	NCBI		
EPI1123338	A_mallard_Korea_Jeju_H24_2017	H5N6	7	GISAID	Animal and Plant Quarantine Agency (S-2145)	
GU052699	A_chicken_Morales_28159_538_1995	H5N2	7	NCBI		
GU052660	A_chicken_Mexico_31381_991_1994	H5N2	7	NCBI		
EPI1064661	A_crane_Kagoshima_KU_52_2016	H5N6	7	GISAID	Kagoshima University	
DQ376688	A_chicken_Taiwan_0204_05	H6N1	7	NCBI		
JX570868	A_green_winged_teal_Xianghai_430_2011	H5N2	7	NCBI		
KT327377	A_goose_Taiwan_01042_2015	H5N3	8	NCBI		
EPI588972	A_chicken_Taiwan_a174_2015	H5N3	8	GISAID	Animal Health Research Institute	"Yu-Ju,Lin; Li-Hsuan,Chen; Wan-Chen,Li; Yu-Pin,Liu; Ming-Shiuh,Lee; Ming-Chu,Cheng; Hsiang-Jung,Tsai"
KC535013	A_Japanese_white_eye_Taoyuan_Q454_2012	H5N1	8	NCBI		
AB507260	A_chicken_Taiwan_1209_2003	H5N2	8	NCBI		
KF193390	A_chicken_Taiwan_0101_2012	H5N2	8	NCBI		
AB507268	A_chicken_Taiwan_A703_1_2008	H5N2	8	NCBI		
KJ162592	A_chicken_Taiwan_683_2012	H5N2	8	NCBI		
KF193398	A_chicken_Taiwan_A1997_2012	H5N2	8	NCBI		
KR137690	A_chicken_TY_a665_2015	H5N2	8	NCBI		
KR137682	A_chicken_CH_a556_2015	H5N2	8	NCBI		
EPI961926	A_chicken_Taiwan_u7_2016	H5N2	8	GISAID	Animal Health Research Institute	"Yu-Ju,Lin; Li-Hsuan,Chen; Wan-Chen,Li; Yen-Ping,Chen; Yu-Pin,Liu; Fan,Lee; Wen-Jane,Tu"
KU646897	A_goose_Taiwan_01040_2015	H5N2	8	NCBI		
EPI588980	A_duck_Taiwan_a068_2015	H5N8	8	GISAID	Animal Health Research Institute	"Yu-Ju,Lin; Li-Hsuan,Chen; Wan-Chen,Li; Yu-Pin,Liu; Ming-Shiuh,Lee; Ming-Chu,Cheng; Hsiang-Jung,Tsai"
EPI961939	A_chicken_Taiwan_x37_2016	H5N8	8	GISAID	Animal Health Research Institute	"Yu-Ju,Lin; Li-Hsuan,Chen; Wan-Chen,Li; Yen-Ping,Chen; Yu-Pin,Liu; Fan,Lee; Wen-Jane,Tu"
KJ162808	A_duck_Taiwan_11254_2013	H5N2	8	NCBI		
EPI915874	A_duck_Taiwan_1702004_2017	H5N6	8	GISAID	Animal Health Research Institute	"Yu-Ju,Lin; Li-Hsuan,Chen; Wan-Chen,Li; Yen-Ping,Chen; Yu-Pin,Liu; Fan,Lee; Wen-Jane,Tu"
KJ162720	A_duck_Taiwan_755_2013	H5N2	8	NCBI		
KC785069	A_duck_Taiwan_DV1236_2009	H5N2	8	NCBI		
KP792312	A_duck_Taiwan_DV518_2006	H5N2	8	NCBI		
KT327391	A_goose_Taiwan_01003_2015	H5N8	8	NCBI		
KT388472	A_goose_Taiwan_TNC4_2015	H5N8	8	NCBI		
KU646937	A_goose_Taiwan_01026_2015	H5N8	8	NCBI		
KT388456	A_goose_Taiwan_TNC2_2015	H5N8	8	NCBI		
KU646945	A_goose_Taiwan_01039_2015	H5N8	8	NCBI		
EPI1119075	A_spoonbill_Taiwan_DB645_2017	H5N6	8	GISAID	Animal Health Research Institute	"Yu-Ju,Lin; Li-Hsuan,Chen; Wan-Chen,Li; Yen-Ping,Chen; Yu-Pin,Liu; Fan,Lee; Wen-Jane,Tu"
EPI866828	A_duck_Aichi_231002_2016	H6N5	8	GISAID	National Institute of Animal Health	
MK592425	A_Whooper_swans_Hokkaido_W14_2017	H5N2	8	NCBI		
MN208015	A_teal_Egypt_MB_D_487OP_2016	H7N3	8	NCBI		
MF693947	A_mallard_duck_Netherlands_35_2015	H4N6	8	NCBI		
MN171430	A_duck_Chongqing_S4362_2017	H5N3	8	NCBI		
MK978908	A_duck_Hokkaido_X9_2016	H8N4	8	NCBI		
EPI855649	A_duck_Kagoshima_461213_2013	H4N6	8	GISAID	National Institute of Animal Health	
EPI866804	A_duck_Fukui_181015_2016	H6N2	8	GISAID	National Institute of Animal Health	
EPI867650	A_duck_Gunma_4_2016	H3N8	8	GISAID	National Institute of Animal Health	
KX949440	A_green_winged_teal_Alaska_UGAI15_6400_2015	H3N8	8	NCBI		
MN378549	A_mallard_duck_South_Korea_KNU2018_58_2018	H5N3	8	NCBI		
MH579393	A_mallard_Korea_F94_16_2017	H4N6	8	NCBI		
MH579409	A_mallard_Korea_CL45_2017	H4N6	8	NCBI		
EPI1139894	A_Chicken_Jiangsu_1_2018	H7N4	8	GISAID	Jiangsu Provincial Center for Disease Control & Prevention	
MG198941	A_duck_Fujian_SD013_2017	H6N6	8	NCBI		
LC339735	A_duck_Hokkaido_10_2015	H3N6	8	NCBI		
MK592585	A_swan_Hokkaido_481102_2017	H4N6	8	NCBI		
EPI855745	A_duck_Miyazaki_451105_2015	H4N6	8	GISAID	National Institute of Animal Health	
KJ200825	A_duck_Guangdong_S4251_2010	H6N6	8	NCBI		
EPI1333699	A_mallard_Khabarovsk_241_2017	H10N6	8	GISAID	State Research Center of Virology and Biotechnology (VECTOR)	"Natalia,Goncharova; Ivan,Susloparov; Natalia,Kolosova; Juliya,Bulanovich; Vasiliy,Marchenko; Alexander,Ryzhikov"
MH592376	A_chicken_China_X2224_2015	H6N6	8	NCBI		
EPI1226717	A_mallard_Korea_H956_1_2017	H7N7	8	GISAID	Animal and Plant Quarantine Agency (APQA)	
KJ162832	A_chicken_Taiwan_2267_2012	H6N1	8	NCBI		
KC785040	A_chicken_Taiwan_CF19_2009	H6N1	8	NCBI		
DQ376788	A_chicken_Taiwan_0706_03	H6N1	8	NCBI		
KF357835	A_duck_Zhejiang_D486_2013	H9N2	8	NCBI		
KY635444	A_duck_Bangladesh_24694_2015	H7N1	8	NCBI		
MN171446	A_duck_Jiangsu_S1665_2015	H5N3	8	NCBI		
CY146576	A_duck_Hunan_S11313_2012	H4N2	8	NCBI		
EPI866780	A_duck_Toyama_161010_2016	H6N2	8	GISAID	National Institute of Animal Health	
KJ907723	A_common_teal_Nanji_NJ_280_2013	H6N1	8	NCBI		
EPI866914	A_duck_Aichi_230307_2015	H2N9	8	GISAID	National Institute of Animal Health	
LC042054	A_duck_Hokkaido_W240_2014	H5N3	8	NCBI		
EPI855802	A_duck_Shimane_321004_2014	H5N2	8	GISAID	National Institute of Animal Health	
KM267854	A_duck_Bangladesh_14VIR1121_18_2013	H5N1	8	NCBI		
EPI855926	A_duck_Shimane_32_20_2014	H7N7	8	GISAID	National Institute of Animal Health	
KJ028476	A_duck_Laos_3295_2006	H5N1	8	NCBI		
EPI573642	A_crane_Kagoshima_KU13_2014	H5N8	8	GISAID	Kagoshima University	
EPI860642	A_gyrfalcon_Washington_41088_6_2014	H5N8	8	GISAID	National Institute of Animal Health	"Uchida,U."
KF042288	A_hill_myna_Heilongjiang_0704_2012	H5N1	8	NCBI		
DQ095692	A_Bar_headed_Goose_Qinghai_59_05	H5N1	8	NCBI		
EPI1123339	A_mallard_Korea_Jeju_H24_2017	H5N6	8	GISAID	Animal and Plant Quarantine Agency (S-2145)	
GU052663	A_chicken_Mexico_31381_991_1994	H5N2	8	NCBI		
EPI1064662	A_crane_Kagoshima_KU_52_2016	H5N6	8	GISAID	Kagoshima University	
DQ376796	A_chicken_Taiwan_0204_05	H6N1	8	NCBI		
JX570869	A_green_winged_teal_Xianghai_430_2011	H5N2	8	NCBI		